<?xml version="1.0" encoding="utf-8"?>
<install type="module" version="2.1.20.2">
  <name>51Degrees.mobi</name>
  <author>James Rosewell, Tom Holmes</author>
	<authorUrl>http://51Degrees.mobi</authorUrl>
  <version>2.1.20.2</version>
  <description></description>
	<license>http://mozilla.org/MPL/2.0/ Mozilla Public License v.2.0</license>
    <files>
      <filename>mod_51Degrees.xml</filename>
      <filename module="mod_51Degrees">mod_51Degrees.php</filename>
      <filename>index.html</filename>
      <filename>helper.php</filename>
      <folder>Handlers</folder>
      <folder>Profiles</folder>
      <filename>51Degrees.mobi.php</filename>
      <filename>51Degrees.mobi.usage.php</filename>
      <filename>51Degrees.mobi.metadata.php</filename>
      <filename>Update.php</filename>
      <filename>License.txt</filename>
      <filename>tmpl/default.php</filename>
      <filename>tmpl/index.html</filename>
      <filename>css/include.css</filename>
    </files>
  <params>
		<param name="showHome" type="radio" default="1" label="Enable Application meta data functionality" description="Enable Application meta data functionality" value="123">
		  <option value="0">No</option>
		  <option value="1">Yes</option>
		</param>
		<param name="showHere" type="radio" default="1" label="Enable Application UDP device sending functionality" description="Enable Application UDP device sending functionality" value="abc">
		  <option value="0">No</option>
			<option value="1">Yes</option>
		</param>
	</params>
</install>